지점,일시,평균풍속(KT),최대풍속(KT),최대순간풍속(KT),최대풍속 나타난시각(hhmi),최대순간풍속 나타난시각(hhmi),최대풍속 풍향(deg),최대순간풍속 풍향(deg),최단시정현상,최고기온(°C),최저기온(°C),최고기온시각(hhmi),최저기온시각(hhmi),평균해면기압(hPa),최고해면기압(hPa),최저해면기압(hPa),강수량합(mm),1시간최다강수(mm),1시간최다강수 시각(hhmi),30분최다강수(mm),10분최다강수(mm),최심신적설(cm),최심적설(cm),평균운량(1/8),5/8이상최저운고(FT),평균이슬점온도(°C),평균상대습도(%)
110,2019-01-01,4.8,14,19,1402,1325,310,270,,-.2,-11.9,1420,315,1034.3,1036.4,1031.9,,,,,,,,1.9,11000,-14.1,57
110,2019-01-02,3.4,8,12,1158,1139,330,350,,.1,-12.7,1431,642,1035.1,1037.2,1033.6,,,,,,,,.2,,-15.8,52
110,2019-01-03,2.5,8,11,1316,1258,360,360,,2.4,-11.9,1539,547,1035.9,1037.8,1034.3,,,,,,,,.2,,-15.7,49
110,2019-01-04,3,8,17,1258,1310,220,220,10,4.3,-10.2,1445,722,1031.2,1035.7,1027.3,,,,,,,,2.7,9000,-8.9,68
110,2019-01-05,5.2,12,16,1421,1322,350,320,41,.7,-8.9,1452,2358,1028.2,1030.3,1026.4,,,,,,,,.7,,-16.4,42
110,2019-01-06,3.3,9,17,1343,1631,310,300,,1.7,-9.6,1331,16,1029.2,1030.3,1028.2,,,,,,,,2.4,15000,-15.4,46
110,2019-01-07,2.6,10,15,1432,1426,290,290,10,3.9,-11,1420,542,1028.9,1030.6,1027.6,,,,,,,,2.8,18000,-11.2,61
110,2019-01-08,7.2,18,27,1936,1933,320,320,10,1.1,-10.1,1450,638,1029.7,1033.9,1027.6,,,,,,,,.4,,-17,41
110,2019-01-09,3.2,10,13,8,4,330,320,,.1,-12.3,1501,740,1033.9,1037.2,1030.1,,,,,,,,2.8,18000,-19.3,37
110,2019-01-10,3.1,7,11,1539,1554,210,200,5,3.5,-6.3,1529,611,1027.1,1030.1,1025.2,,,,,,,,6.2,3500,-11,51
110,2019-01-11,2.6,6,12,1538,1611,310,290,5,6.5,-2.9,1331,2226,1025.6,1027.5,1022.6,,,,,,,,4.7,3500,-5,65
110,2019-01-12,2.8,8,12,1518,1545,300,290,10,7.3,-6.4,1412,2348,1023.4,1025,1021.6,,,,,,,,3.8,4000,-7.3,56
110,2019-01-13,2.7,7,9,1623,1416,300,340,41,6.7,-8.4,1508,608,1026.1,1027.2,1024.9,,,,,,,,.2,,-7.3,67
110,2019-01-14,2.3,6,9,1607,1649,310,300,46,5.6,-8.4,1410,542,1026.1,1028.5,1023.8,,,,,,,,4.5,2000,-5.4,74
110,2019-01-15,7.5,20,27,1544,1537,300,290,46,2.4,-8.6,1408,2400,1024.7,1028.5,1022.7,0,,,,,,,3,2000,-9.7,60
110,2019-01-16,4.6,9,15,253,1638,330,260,71,-.9,-12.3,1537,800,1027.6,1030.1,1024.9,.1,,,,,.1,.1,2.5,2500,-17,45
110,2019-01-17,4.5,12,17,1324,1326,290,310,71,4.7,-7.5,1331,650,1024.6,1028.1,1022.7,0,,,,,,,1.5,3000,-11.3,54
110,2019-01-18,2.2,8,12,1431,1220,310,220,5,6,-9.8,1356,758,1028,1030.1,1026.6,,,,,,,,2.1,16000,-10.2,57
110,2019-01-19,3,7,14,1035,1343,180,200,10,9.3,-4.2,1519,348,1023.1,1027,1019.2,,,,,,,,5.1,2500,-4.1,65
110,2019-01-20,9.4,16,22,1059,1052,320,310,10,2.2,-7.6,1,2333,1023,1026.8,1018.9,,,,,,,,.8,3000,-15,39
110,2019-01-21,5.5,14,21,1643,1350,250,230,,5.5,-10.9,1412,548,1022.2,1026.8,1019.1,0,,,,,,,2.3,2500,-9.9,56
110,2019-01-22,3.8,12,19,1342,1631,220,230,41,7.5,-8.3,1249,546,1019.8,1021,1018.6,,,,,,,,.8,,-6.5,67
110,2019-01-23,6.1,16,24,1434,1431,310,300,41,8,-6.9,1510,513,1020.6,1024.3,1018,,,,,,,,.5,,-11.5,51
110,2019-01-24,3.2,8,12,1530,1549,310,300,,5.4,-9.3,1506,609,1025.1,1026.7,1024.1,,,,,,,,.3,,-14.9,43
110,2019-01-25,7.4,16,22,1646,1742,310,310,,2.8,-8.5,1357,624,1024.8,1027.3,1022.7,,,,,,,,1,20000,-16.2,40
110,2019-01-26,6.5,13,19,516,438,320,320,,2,-8.5,1614,800,1029,1031,1027.1,,,,,,,,0,,-18.1,34
110,2019-01-27,4.5,10,20,1558,1448,230,220,,4.6,-12.3,1342,733,1027.6,1031.2,1021.4,,,,,,,,3.8,3000,-9.9,56
110,2019-01-28,8.9,18,25,1134,1122,320,310,5,4.6,-5.9,1337,2352,1022.9,1027.2,1019.1,0,,,,,,,1.8,3000,-12.3,40
110,2019-01-29,3.2,9,17,1713,1546,300,260,,6.2,-10.5,1520,635,1028.2,1030.1,1026.6,,,,,,,,1.8,18000,-13.5,48
110,2019-01-30,3.1,10,14,1538,1514,300,280,10,6.8,-6.5,1419,722,1026.3,1029,1023.4,,,,,,,,5.3,13000,-6.1,65
110,2019-01-31,7.9,11,21,1032,1649,320,310,10,.8,-7.9,48,2318,1022.2,1024.5,1020,,,,,,,,5.8,9000,-19.8,28
110,2019-02-01,3.5,11,17,1317,1638,240,230,,3.2,-11,1406,355,1024.4,1025.6,1023.2,0,,,,,,,2.5,3000,-12.7,50
110,2019-02-02,6.4,11,19,1147,1500,160,190,5,7.1,-7.5,1611,219,1022.2,1024.3,1018.8,,,,,,,,5.1,3000,-7.1,54
110,2019-02-03,5.9,10,15,318,318,120,120,53,5,.5,1,2356,1013.1,1019.5,1008.6,18.5,,,,,,,7.4,2000,.3,83
110,2019-02-04,5.3,13,19,105,52,310,300,5,2.8,-4,1457,2316,1025.8,1028.7,1019.5,,,,,,,,2.3,20000,-12.4,44
110,2019-02-05,4.4,10,18,1137,1458,160,210,5,9.7,-6.4,1458,422,1021.9,1026.4,1018.5,,,,,,,,3.2,4000,-10,46
110,2019-02-06,3.3,9,15,1544,1631,230,190,10,9.5,-3.5,1513,313,1016.6,1019.1,1014.7,,,,,,,,6,2500,-3.4,61
110,2019-02-07,11,19,25,946,939,320,320,71,4.9,-8.6,10,2400,1023.1,1029.3,1016.4,0,,,,,,,3.6,2500,-13.7,45
110,2019-02-08,6,12,17,1,8,340,340,,-3.2,-10.9,1444,712,1027.3,1029.9,1024.7,,,,,,,,4.5,18000,-20.6,35
110,2019-02-09,8.6,14,20,243,244,330,310,,-2.2,-9.5,1555,556,1028.9,1033.1,1024.7,,,,,,,,3,13000,-20.2,33
110,2019-02-10,4.3,8,11,117,105,350,340,,-2.3,-11.1,1552,442,1031.6,1033.6,1029.9,,,,,,,,5.8,10000,-18.6,37
110,2019-02-11,4.3,11,23,1259,1346,350,360,,2.2,-9.5,1553,722,1032.2,1034.7,1030.2,,,,,,,,.8,10000,-16.4,38
110,2019-02-12,4.4,11,16,1555,1550,320,320,5,3.2,-7.2,1506,125,1034.6,1036.7,1032.8,0,,,,,,,3.3,3000,-13.5,43
110,2019-02-13,6.1,14,22,1409,1414,320,320,,2.3,-8.2,1317,656,1033.7,1035.6,1031.9,,,,,,,,1.6,20000,-18.4,33
110,2019-02-14,4.1,11,14,1513,1507,300,300,,4.9,-8.5,1430,733,1031.9,1034.5,1028,,,,,,,,4.8,18000,-17,34
110,2019-02-15,4,12,18,1900,1853,310,300,71,1.4,-3.9,1807,2337,1024.5,1028.8,1021.4,2.5,,,,,3.4,3.4,6.8,2000,-6.2,70
110,2019-02-16,5.7,11,17,1257,1632,330,300,71,1.2,-6.8,1412,732,1024.8,1026.4,1022.9,.1,,,,,.3,.3,2.4,3000,-10.3,58
110,2019-02-17,3.6,10,13,1628,1050,300,310,,4,-10.1,1446,710,1026.9,1028.2,1025.7,,,,,,,,0,,-12.7,51
110,2019-02-18,3.3,6,10,1637,943,320,230,,4.6,-8.3,1355,639,1026.2,1028.1,1023.8,,,,,,,,4.6,8000,-10.1,54
110,2019-02-19,4,9,11,1044,1043,340,330,72,4,-1.3,1613,2301,1019.9,1023.8,1017.3,3.1,,,,,3.1,3.1,7,2000,-3,77
110,2019-02-20,4.9,10,16,1054,920,310,250,5,4.8,-1.9,1555,2141,1025.6,1028.3,1021.7,0,,,,,,,5,3000,-4.7,65
110,2019-02-21,2.7,10,12,1743,1634,290,290,10,7.6,-5.6,1533,720,1027.3,1029.1,1025.5,,,,,,,,0,,-6.5,62
110,2019-02-22,3.8,9,18,1358,1616,310,280,10,9.9,-5.5,1504,603,1022.7,1025.7,1019.7,,,,,,,,4.3,20000,-5.7,64
110,2019-02-23,3,11,17,1133,1128,110,110,10,14.2,-3,1521,633,1023.7,1025.3,1021.4,,,,,,,,3.1,20000,-5.7,56
110,2019-02-24,3.7,11,15,1502,1631,310,270,41,12.2,-3.3,1407,308,1023.4,1025.8,1020.8,,,,,,,,.9,100,-5,60
110,2019-02-25,5.1,12,16,1435,1433,340,330,46,9.6,-.7,1553,2351,1022.3,1023.9,1020.6,,,,,,,,3.5,500,-4.4,61
110,2019-02-26,3.5,7,12,1116,1544,330,310,,10.7,-4.7,1432,607,1024.5,1026.8,1022.8,,,,,,,,2.5,18000,-8.9,45
110,2019-02-27,3.4,11,18,1515,1640,290,210,,12.7,1,1331,745,1021.9,1024.4,1019.4,,,,,,,,4.7,9000,-5.9,44
110,2019-02-28,3.5,11,16,1651,1641,280,270,5,12.4,-1.9,1440,554,1019.6,1020.9,1017.6,,,,,,,,2.1,18000,-5.4,53
110,2019-03-01,3.5,10,15,1458,1636,300,260,10,13,-3.1,1412,709,1022.4,1023.8,1020.9,,,,,,,,.3,,-4.7,58
110,2019-03-02,2.4,9,11,1640,1426,300,350,41,13.9,-3.1,1537,553,1019.9,1022.6,1017.3,,,,,,,,3.3,20000,-4.8,56
110,2019-03-03,3.9,8,11,1352,1323,340,330,10,14.8,-2.2,1407,611,1013.8,1017.5,1010.9,,,,,,,,4.5,18000,-4.1,52
110,2019-03-04,4.3,9,16,1501,1630,300,250,10,15.6,2.2,1416,621,1014,1018.9,1010.7,,,,,,,,2.9,18000,-1.8,54
110,2019-03-05,4.5,10,17,1540,1701,240,220,47,13,3.9,1349,255,1020.5,1021.8,1018.7,,,,,,,,5.2,900,1.8,69
110,2019-03-06,4.2,10,15,1605,1613,330,300,10,12,1.2,1531,636,1016.8,1020,1014.1,,,,,,,,4.9,2000,.5,67
110,2019-03-07,6.6,14,19,1621,1621,280,280,10,12.8,-.1,1452,710,1020,1024,1015.9,,,,,,,,.4,,-3.3,56
110,2019-03-08,3.9,12,19,1655,1238,310,210,10,12.4,-4.4,1334,637,1025.4,1026.7,1023.8,,,,,,,,0,,-7.2,50
110,2019-03-09,3,9,13,1547,1558,300,300,41,14,-4.2,1513,653,1022.5,1025.9,1019.8,,,,,,,,3.5,15000,-7.7,48
110,2019-03-10,5.2,9,12,1218,1448,360,360,,15.1,3.6,1512,2235,1014.5,1019.8,1010.7,,,,,,,,6.2,10000,-6.4,39
110,2019-03-11,4.2,9,16,1522,1636,250,230,10,9.4,-1.3,1437,711,1009.8,1011.9,1008.1,0,,,,,,,4,2000,-1.4,65
110,2019-03-12,7.8,18,25,1401,1356,300,290,41,9.6,-1.2,1253,236,1011.6,1017.5,1009.3,0,,,,,,,3.1,1200,-6.1,54
110,2019-03-13,10,23,30,1321,1317,310,300,,8.5,-2.9,1402,2359,1020.3,1024.9,1017.4,0,,,,,,,.5,4000,-10.7,37
110,2019-03-14,4.5,11,22,1933,2119,190,220,10,9.6,-5.6,1247,633,1023.1,1025.4,1020.4,0,,,,,,,3.1,3000,-6.9,49
110,2019-03-15,3.8,16,29,1628,1614,250,180,41,11.6,-1,1432,419,1017.9,1021.9,1012,.5,,,,,,,5.8,800,-1.9,68
110,2019-03-16,4.9,12,17,1416,1244,290,230,47,9.8,-4.3,1328,651,1020.9,1022.3,1018.3,,,,,,,,4.2,100,-2.9,66
110,2019-03-17,4.4,11,17,1555,1548,290,290,11,11.9,-1.6,1408,453,1023.6,1025.4,1021.3,,,,,,,,.8,,-3.7,59
110,2019-03-18,4.3,13,18,1554,1553,300,300,10,13.4,-3.3,1312,524,1020.7,1024.7,1017.2,,,,,,,,4.8,20000,-6.3,48
110,2019-03-19,3.7,9,16,942,1624,160,240,10,15.6,-.6,1521,549,1017.3,1018.9,1015.6,,,,,,,,2,2500,-.9,59
110,2019-03-20,4.5,11,16,1413,1406,220,230,47,15.1,1.7,1239,544,1011.1,1018.6,1000.3,17,,,,,,,6.9,500,4.7,79
110,2019-03-21,8.8,20,31,1312,1318,280,290,51,12.8,1.6,1146,2254,1008.6,1017.5,999.7,3,,,,,,,5.5,2000,2.5,73
110,2019-03-22,8.8,14,21,1442,1251,340,350,,8.5,-1.3,1517,533,1020.5,1023.2,1017.5,,,,,,,,.8,,-9.8,40
110,2019-03-23,7.9,19,27,1150,1141,300,290,95,8.4,-3.9,1520,612,1021.4,1023.6,1018.8,1,,,,,,,2.3,2000,-7.4,49
110,2019-03-24,6.2,15,22,1423,1151,230,270,,9.4,-4.4,1450,610,1021.9,1023.7,1019.4,,,,,,,,0,,-7,50
110,2019-03-25,8.3,15,26,1554,1340,230,230,,12.6,-.3,1446,306,1017.5,1020.8,1015.6,,,,,,,,4.3,1800,-1.3,57
110,2019-03-26,4.1,10,18,1156,1155,360,360,10,17.4,4.3,1420,2349,1017.7,1019.5,1016.1,,,,,,,,2.2,1100,.4,55
110,2019-03-27,9.1,21,33,1231,1508,220,230,10,16.5,4.1,1318,105,1013.1,1017.3,1009.6,,,,,,,,5.2,2000,4.2,66
110,2019-03-28,5.2,11,20,1644,1637,290,280,10,14.4,3,1446,646,1014.4,1016.3,1012.5,,,,,,,,4.6,800,-1.9,53
110,2019-03-29,6,13,17,1520,1518,310,300,,13.6,4.8,1445,218,1014.7,1015.8,1013.1,,,,,,,,3.5,8000,-6.8,35
110,2019-03-30,9,20,32,1431,1610,280,270,10,9.4,3.7,1444,240,1013.3,1015.5,1010.9,2.5,,,,,,,7,2000,-.4,69
110,2019-03-31,9.4,18,26,1738,1734,270,270,,9.8,1.2,1538,2323,1019.6,1023.4,1014.9,,,,,,,,4.4,2500,-7.7,43
110,2019-04-01,7,16,22,1534,1534,300,290,,11.2,-2.7,1339,527,1023,1024.9,1021.4,,,,,,,,1.5,22000,-8.5,42
110,2019-04-02,6.7,17,19,1649,1630,280,280,,12.9,-2.9,1424,324,1023,1024.5,1020.9,,,,,,,,.4,,-6.3,47
110,2019-04-03,5.5,15,18,1415,1411,280,270,,13.9,-1.8,1304,559,1023.6,1025.2,1021.7,,,,,,,,.3,,-4.3,51
110,2019-04-04,8.8,17,25,1350,1755,250,230,10,14.7,.2,1231,313,1018.2,1023.3,1013.3,,,,,,,,.5,,-.7,57
110,2019-04-05,7.9,17,27,1538,1636,260,270,10,17.1,5,1500,238,1010,1013.7,1007.7,,,,,,,,2.8,1000,.3,54
110,2019-04-06,3.3,12,18,2006,2003,20,20,,12.7,1.9,1128,359,1012.4,1014.2,1010.1,1.1,.7,1521,.7,.6,,,5.9,4000,.4,59
110,2019-04-07,6,14,21,1855,1855,280,280,46,19.5,2.1,1437,612,1010.9,1013.3,1007.9,,,,,,,,3,100,-.4,55
110,2019-04-08,7.1,16,24,1204,1201,310,320,,18.1,3.7,1448,451,1015.1,1019.1,1011.8,,,,,,,,2.9,20000,-4.8,36
110,2019-04-09,9.1,19,27,1705,1752,50,70,61,14.8,5.3,1408,2333,1016.4,1019.4,1012,13.7,3.1,1758,2.1,.9,,,7,2500,-1.3,53
110,2019-04-10,5,12,16,1103,1104,330,330,61,10.7,3.9,1632,2343,1013,1016,1010.9,3.4,.6,150,.4,.2,,,6.3,2500,4.6,85
110,2019-04-11,4,13,20,1623,1619,270,260,46,16.2,.6,1340,504,1015.4,1016.9,1013.8,,,,,,,,4.7,500,2.4,70
110,2019-04-12,4.9,14,23,1605,1632,280,270,10,18.1,1.4,1401,547,1018.2,1020.6,1016.2,,,,,,,,2.2,12000,1.5,61
110,2019-04-13,5.4,12,27,1609,1507,230,210,10,17.6,2.5,1444,434,1020,1021.9,1018.2,,,,,,,,4.5,15000,-2.2,47
110,2019-04-14,7.6,20,31,1832,1752,330,310,61,14.6,5.1,1510,2357,1015.5,1018.3,1012.1,1.5,.9,913,.7,.4,,,4.3,2500,.3,56
110,2019-04-15,5.3,14,24,1408,1712,230,240,,17.5,1.3,1336,531,1018.9,1019.9,1017.5,,,,,,,,0,,-2.1,46
110,2019-04-16,3.9,11,21,1502,1615,230,230,,22.4,3.2,1429,556,1017.5,1020,1015.1,,,,,,,,3.8,20000,-2.5,40
110,2019-04-17,4.8,13,24,1216,1517,250,270,,20.8,4.3,1337,503,1013,1016,1010.8,,,,,,,,2,20000,4.2,59
110,2019-04-18,6.1,15,28,1249,1402,220,220,41,16.8,7.4,1249,2400,1012.1,1014.6,1010.2,,,,,,,,5,700,8.6,83
110,2019-04-19,5.2,11,17,1050,1138,100,100,10,19.8,7.3,1628,1,1016.2,1018.3,1014.5,,,,,,,,3.9,500,6.5,66
110,2019-04-20,5.6,11,22,1229,1127,240,240,61,19.5,9.1,1453,257,1015.3,1017.2,1013.5,.8,.4,2223,.2,.1,,,5.1,500,8.9,73
110,2019-04-21,4.2,12,22,1633,1633,290,290,10,19.7,9.9,1555,2348,1013.8,1015.5,1012.1,0,0,,0,0,,,6.4,300,11.1,84
110,2019-04-22,3.6,10,16,1727,904,300,240,10,27.9,7.3,1432,511,1015,1016.8,1012.6,,,,,,,,1.2,20000,8.6,65
110,2019-04-23,3.3,10,16,1818,1812,230,230,10,25,11.8,1153,612,1012.6,1015.9,1009.9,,,,,,,,6.5,10000,11.5,65
110,2019-04-24,4.2,15,21,1549,1541,300,300,61,24.8,13.9,1338,2313,1006.8,1011,1004.3,2.4,.7,133,.4,.2,,,3.9,2500,13.7,77
110,2019-04-25,7.7,14,20,930,850,90,90,61,17.2,8.9,913,2356,1007,1008.3,1005.9,6.7,1.7,1512,1.3,.7,,,7.2,2000,9.9,82
110,2019-04-26,6,10,15,1424,1700,40,20,60,10.4,5.5,1341,2400,1013.2,1019.8,1007.9,1.7,.6,723,.4,.3,,,6.9,2000,6.1,84
110,2019-04-27,4.4,11,16,1424,1318,290,310,,18,2.4,1446,447,1021.6,1024.1,1019.6,,,,,,,,3.3,15000,4.2,67
110,2019-04-28,4.7,11,23,1604,1447,270,280,,18.1,8.5,1347,2344,1020.9,1023.4,1018.8,.1,.1,544,.1,.1,,,6,4000,4.9,61
110,2019-04-29,3.4,8,11,1632,1057,330,130,,18.1,7.4,1719,529,1014.7,1019.9,1010.8,,,,,,,,5.4,10000,5.4,64
110,2019-04-30,4.3,12,17,1623,1637,290,280,10,22.3,6.1,1406,507,1009.2,1011.4,1006.8,,,,,,,,2.8,15000,6.8,65
110,2019-05-01,6.6,15,21,1421,1412,280,280,,22.1,8.8,1342,612,1006.8,1008.5,1004,,,,,,,,1.8,4000,7.1,58
182,2019-01-01,12.2,19,30,1634,1704,340,330,,6.4,4.5,1233,2022,1034.6,1035.9,1032.7,0,,,,,,,7,3000,-2.2,59
182,2019-01-02,8,13,24,238,25,330,340,,5.6,4.2,1303,505,1034.5,1036.2,1032.3,,,,,,,,7,3000,-2.7,58
182,2019-01-03,5.6,9,16,909,915,30,30,,6.7,2.8,1534,2339,1034.6,1036.8,1033.4,,,,,,,,3.6,2500,-2.6,59
182,2019-01-04,5,8,11,1958,728,180,190,61,9.8,1.7,1238,321,1030.3,1033.8,1027.3,2,,,,,,,5.8,2000,1.9,78
182,2019-01-05,5.6,9,16,215,216,360,20,5,8.2,3.9,1248,2115,1026.3,1027.7,1024.9,0,,,,,,,5,2000,.7,67
182,2019-01-06,5.1,8,14,409,1711,10,350,,6.3,2.7,1448,2331,1028.3,1030,1025.8,,,,,,,,5.5,2500,-1.3,64
182,2019-01-07,4.3,6,11,201,1133,180,20,5,7.6,2,1407,312,1028.3,1030.1,1026.9,,,,,,,,5,3000,-.6,66
182,2019-01-08,8.8,16,27,1637,1657,330,340,,7.8,4.1,1304,2159,1028.7,1032.2,1027,,,,,,,,7,2500,-.6,62
182,2019-01-09,7.3,14,24,34,31,360,10,,5.5,1.7,2247,703,1031.7,1034.1,1027.9,,,,,,,,7,3000,-4.1,56
182,2019-01-10,6.1,11,18,1815,1646,330,330,,7.5,4,2027,728,1026.7,1028.2,1025.3,0,,,,,,,8,3000,.2,65
182,2019-01-11,5.5,12,16,1657,1702,90,100,61,9.1,5.5,1743,813,1024.2,1026.9,1020.6,1,,,,,,,7.4,2500,1.9,69
182,2019-01-12,5.1,10,16,809,701,330,360,60,9.4,7.6,1417,206,1022.3,1024.6,1020.1,3,,,,,,,5.6,2000,3.5,72
182,2019-01-13,6.3,11,19,906,907,360,10,5,8.4,6.2,1252,2244,1025.2,1026.3,1023.9,,,,,,,,4.7,2500,1.1,64
182,2019-01-14,4,7,12,511,513,20,40,5,8.9,4.8,1303,1959,1025.7,1027.2,1024.5,,,,,,,,4.8,2500,.8,66
182,2019-01-15,9.2,18,30,1832,1941,330,330,5,8.8,3.2,1246,2357,1025.3,1028,1023.8,,,,,,,,6,3000,-.4,62
182,2019-01-16,9,16,27,17,100,330,340,,3.8,1.8,2345,441,1027.5,1029,1026.4,0,,,,,,,7,2500,-4.2,60
182,2019-01-17,8.4,14,23,1625,1444,310,310,,6.2,3.7,1452,1,1026.2,1029,1024.4,,,,,,,,6.7,3000,-3.2,54
182,2019-01-18,4.3,9,13,11,5,330,340,,8.5,3.2,1504,425,1028.2,1030.8,1026.7,,,,,,,,3,3000,-.9,62
182,2019-01-19,6.3,15,23,2310,2259,270,270,10,12.3,2.4,1849,559,1022.1,1026.8,1017.7,1.5,,,,,,,5.3,2500,3.9,74
182,2019-01-20,13.2,17,26,935,1155,330,340,60,11.5,3.6,1,2350,1023.7,1027.7,1018,0,,,,,,,6.5,2500,.2,64
182,2019-01-21,8.7,15,25,137,137,330,330,,7.5,3.6,1450,107,1025.2,1027.7,1023.2,,,,,,,,6,3000,-2,59
182,2019-01-22,6.5,10,17,1937,2128,300,300,5,10,4.2,1355,150,1022.3,1023.8,1021.3,,,,,,,,3.8,3000,-.4,57
182,2019-01-23,7.3,11,16,1727,1628,320,310,5,10.9,4.6,1423,357,1022.3,1024.2,1020.9,,,,,,,,1.6,,-.6,57
182,2019-01-24,4.2,9,14,20,16,360,10,,8.2,2.2,1536,645,1024.9,1026.4,1023.8,,,,,,,,0,,-2.8,56
182,2019-01-25,9.9,20,32,1821,2038,330,340,,8.9,2.4,1327,48,1025.3,1027.5,1023.4,,,,,,,,4.1,2500,-1.8,61
182,2019-01-26,12,20,32,135,301,320,340,,5.2,2.7,1120,534,1029.1,1031.2,1027.1,,,,,,,,4.6,3000,-4.3,56
182,2019-01-27,5.4,8,13,1217,1216,320,340,,7.3,1.1,1336,739,1029,1031.9,1025.4,,,,,,,,4.3,2500,-1.7,63
182,2019-01-28,9.9,16,24,1113,911,310,290,5,10.2,4.5,1001,2354,1024.5,1026.6,1022.9,,,,,,,,6,3000,-.7,57
182,2019-01-29,4,8,12,1340,1337,30,40,,8.2,3.2,1448,636,1027.2,1028.8,1025.9,,,,,,,,2.6,12000,-.9,63
182,2019-01-30,3.3,8,13,209,225,210,320,,9.6,5.5,1232,1,1024.9,1027.2,1021.7,0,,,,,,,7.4,2500,2.4,69
182,2019-01-31,10.4,22,37,1219,1253,360,10,61,7.8,3,237,1437,1021.1,1026.1,1017.2,19,,,,,,,7.6,2500,.3,75
182,2019-02-01,10,17,31,422,416,320,330,,5.8,3.2,1523,34,1026.2,1028,1025.4,0,,,,,,,6.5,3000,-3.6,56
182,2019-02-02,5.5,9,15,243,1410,230,90,5,13,4.2,2343,322,1022.5,1025.8,1017.4,,,,,,,,5,3000,.6,57
182,2019-02-03,15.3,30,45,615,610,230,240,61,17.7,8.6,553,1938,1015.3,1021.8,1011.4,10,,,,,,,8,2500,10.1,81
182,2019-02-04,7.1,18,28,119,221,330,340,5,9.2,3.7,3,2324,1025.9,1028.4,1021.6,,,,,,,,2.5,2500,-3.7,49
182,2019-02-05,7.9,18,24,1550,1507,70,80,,13,3.3,1554,622,1021.1,1025.5,1017.6,,,,,,,,3.1,13000,.6,57
182,2019-02-06,3.8,7,13,1414,803,280,160,,13.9,7.9,1111,2347,1016.8,1017.8,1015.6,,,,,,,,5.3,2500,4.9,66
182,2019-02-07,7.6,16,24,919,918,10,20,60,13.1,1.6,502,2354,1020.9,1026.1,1014.2,4,,,,,,,5.5,2500,1.2,70
182,2019-02-08,5.4,10,17,316,136,20,10,,4.3,1.2,1208,554,1024.4,1026.8,1021.3,,,,,,,,6,11000,-5.3,55
182,2019-02-09,8.9,17,28,1312,1305,330,350,,4.3,1.2,159,1948,1027.4,1030.6,1023,0,,,,,,,7,2500,-4.2,61
182,2019-02-10,6.3,9,15,26,22,360,10,,3.9,1.7,1137,210,1029.5,1031,1028,0,,,,,,,7.1,3000,-5,57
182,2019-02-11,9.7,17,28,348,404,330,330,,4.2,1.8,1525,2355,1032.1,1034.6,1029.6,0,,,,,,,6.9,2500,-3.4,61
182,2019-02-12,6.3,13,18,1440,1220,70,50,,7.9,-.3,1419,307,1032.6,1034.8,1030.4,,,,,,,,3.8,2500,-3.2,56
182,2019-02-13,6.4,11,18,840,849,10,20,5,7.3,4.8,1,2350,1031,1032.3,1029.6,,,,,,,,3.1,8000,-3.2,51
182,2019-02-14,5.1,9,14,356,427,10,10,5,6.4,3.3,1516,2220,1030.1,1032.3,1027.8,,,,,,,,5.1,9000,-2.4,59
182,2019-02-15,5,9,15,1332,1324,320,340,60,7.4,3,1002,145,1024.8,1028,1023,0,,,,,,,7.1,2500,1.5,74
182,2019-02-16,10.3,15,24,632,721,330,330,5,6.8,2.8,28,2219,1025.2,1026.6,1023.5,,,,,,,,7,2500,-2.4,63
182,2019-02-17,5.9,10,16,137,134,340,340,,5.5,1.6,1340,2138,1026.9,1028.2,1025.4,,,,,,,,6.1,3000,-3.4,61
182,2019-02-18,5.3,15,18,1847,1841,80,90,61,9.2,1.6,1351,139,1024.1,1027.5,1019.4,1.5,,,,,,,7.7,3500,.6,67
182,2019-02-19,8.9,27,34,435,325,60,80,51,12.4,4.6,1158,2348,1017.8,1024,1011.3,10.5,,,,,,,7.4,2000,6.6,87
182,2019-02-20,4.7,9,14,1159,1204,360,360,5,8.9,3.1,1345,253,1025.9,1027.9,1022.9,,,,,,,,6,2000,1.2,70
182,2019-02-21,4.8,8,13,512,511,20,30,5,7.9,5.2,1314,814,1026.2,1028.1,1024.3,,,,,,,,6.2,9000,-.2,62
182,2019-02-22,4.6,8,13,1238,2125,20,330,10,10.5,5.6,1116,138,1021,1024.3,1018.9,2,,,,,,,7.7,2000,3.1,72
182,2019-02-23,7.6,16,21,1525,1530,70,80,10,13,2.7,1620,511,1022.6,1024.2,1021.4,,,,,,,,4.3,11000,2.3,66
182,2019-02-24,6.8,13,18,956,1004,90,90,,13.4,6.9,1053,2400,1023.1,1025,1021.4,,,,,,,,2,20000,2,56
182,2019-02-25,4.8,7,12,200,1700,180,320,5,11,4.8,1436,2347,1022.3,1024.1,1020.6,,,,,,,,4,18000,1.6,64
182,2019-02-26,4.1,7,10,1158,902,360,360,,10.7,3.3,1504,320,1023.7,1026.8,1021.4,,,,,,,,3.3,12000,-.8,56
182,2019-02-27,7.7,15,21,1021,1017,90,100,61,11.7,8.1,1135,50,1020.3,1023.9,1017.5,3.5,,,,,,,8,2500,6.3,77
182,2019-02-28,6.2,10,16,337,335,10,20,10,11.8,5.5,1356,2353,1019.3,1021.5,1017.7,.5,,,,,,,5.8,3000,3.7,67
182,2019-03-01,4,7,10,12,1251,220,320,10,10.8,4.8,1429,153,1022.6,1024.4,1021.5,,,,,,,,3.9,18000,.7,61
182,2019-03-02,8.2,15,21,1436,1527,100,110,5,14.3,5.6,1455,100,1017.6,1021.6,1014.9,0,,,,,,,7.8,3000,4.7,68
182,2019-03-03,10,16,21,428,357,70,80,61,13,10,1030,2219,1012,1015.3,1009.1,7,,,,,,,8,2500,6.8,74
182,2019-03-04,7.2,12,21,648,648,10,10,10,11,5.4,1612,2259,1015.7,1021.4,1010.3,3,,,,,,,5.7,2500,4.6,75
182,2019-03-05,5.1,9,14,1015,2204,80,110,61,12.7,5.1,1134,141,1021,1022.3,1019.3,0,,,,,,,4.8,2500,2.6,62
182,2019-03-06,9,15,22,2014,2010,330,340,10,12.2,7.8,1345,2348,1016.5,1019.3,1013.9,10.5,,,,,,,5.4,2500,6.4,78
182,2019-03-07,10.6,19,29,408,458,330,340,10,8.7,4.9,1218,2353,1021.7,1025.1,1017.8,,,,,,,,3.8,2000,2.9,73
182,2019-03-08,4,6,9,208,717,180,170,,10.7,2.6,1537,652,1025.7,1027.3,1024.6,,,,,,,,1.5,20000,1.8,70
182,2019-03-09,7.8,26,34,2227,2204,100,100,61,15.2,5.3,1409,632,1020,1025.6,1013.4,4.5,,,,,,,7.3,3000,4.3,67
182,2019-03-10,13.7,27,36,222,240,90,90,63,13,7.2,15,2400,1010.9,1013.9,1009.2,13,,,,,,,6.7,1000,9,89
182,2019-03-11,9.8,19,31,1853,1853,270,280,10,12.7,4.2,1501,646,1012.5,1014.2,1009.4,1,,,,,,,4.5,2500,4.6,74
182,2019-03-12,12.7,21,32,1404,1853,260,290,10,15,3.7,1522,704,1014.8,1021.3,1011.6,,,,,,,,3.8,2500,2.9,63
182,2019-03-13,9.7,16,25,152,114,330,340,,10.2,2.7,1358,658,1024.2,1026.7,1021.3,,,,,,,,1.5,,-3,48
182,2019-03-14,7.3,10,16,1,18,310,310,,12.3,5.3,1427,405,1025.4,1027,1023.5,,,,,,,,3.1,16000,-1.8,49
182,2019-03-15,11.9,20,30,2139,1738,320,300,5,14.2,4.3,1221,429,1021.7,1025.4,1018.1,0,,,,,,,2.4,2500,3.1,65
182,2019-03-16,10,20,27,2139,2135,220,230,,13.2,5.6,2205,226,1022.6,1025.7,1020.2,,,,,,,,2,3000,.1,55
182,2019-03-17,5.8,17,26,17,136,240,240,10,12.7,6.8,138,2308,1024.1,1026.3,1020.5,,,,,,,,1.3,,3.2,62
182,2019-03-18,5.2,12,17,1731,1729,170,170,,12.9,5.6,1056,656,1020.5,1024.4,1017.5,1.5,,,,,,,6.2,3000,3.6,65
182,2019-03-19,4.3,12,14,1446,1427,270,280,10,14.3,6.7,1416,634,1018.5,1020.1,1016.5,,,,,,,,1.9,10000,6.5,74
182,2019-03-20,12.1,34,53,2002,1752,200,180,95,20,7.9,1814,314,1010.7,1019.2,1002.4,2.5,,,,,,,6.4,2000,8.5,67
182,2019-03-21,9.8,25,37,5,10,230,240,10,19,6.8,1,2400,1012.2,1018.2,1004.8,,,,,,,,7.7,2000,7.5,83
182,2019-03-22,6.5,11,19,1633,1644,330,330,,8.6,5.9,1440,2034,1020.6,1023.4,1017.7,,,,,,,,4.1,11000,.2,63
182,2019-03-23,9.9,21,32,1828,1823,330,340,60,10.5,5.7,1554,2337,1024.2,1026,1022,0,,,,,,,3.5,2500,-1.7,51
182,2019-03-24,5.5,9,16,1,2,330,340,,8.9,2.5,1503,644,1024.2,1026.2,1022.1,,,,,,,,2.8,20000,-2,56
182,2019-03-25,6,12,18,1618,1635,270,270,,12.6,5.6,1543,227,1019.5,1022.1,1017.9,,,,,,,,7.3,3000,.6,56
182,2019-03-26,8.5,14,21,957,1028,270,280,10,15.8,7.8,1118,341,1020.2,1021.8,1018.7,,,,,,,,1.8,20000,8,75
182,2019-03-27,13,24,32,1404,1400,220,240,,22.9,11.3,1308,1,1016.6,1020.9,1012.8,,,,,,,,4.1,2500,3.4,45
182,2019-03-28,4.9,13,17,1,2,250,260,10,16.2,12.2,7,646,1013.5,1014.9,1012.3,,,,,,,,6.5,1000,10.6,81
182,2019-03-29,3.8,12,17,1013,1009,330,350,10,15.5,9.8,1213,559,1014,1015.4,1012.7,,,,,,,,4.6,18000,7.3,72
182,2019-03-30,10.3,20,33,2002,2048,310,310,,14,7.4,126,2315,1016.4,1021.6,1012.7,,,,,,,,5.9,2500,3.3,62
182,2019-03-31,14.7,19,32,53,234,330,330,,9.7,6.7,1408,2042,1024.1,1026.4,1021.4,,,,,,,,4,4000,-4.5,42
182,2019-04-01,10.1,14,22,1713,23,270,330,,11.9,6.8,1548,1,1025.4,1027.4,1023.6,,,,,,,,1.1,,-.6,50
182,2019-04-02,6,13,20,137,131,310,320,10,11.3,6.6,1321,2102,1024.4,1025.5,1023,,,,,,,,3.3,2000,1.3,58
182,2019-04-03,5.6,9,13,922,825,70,130,,12.5,5.3,1350,2400,1025.6,1026.8,1024.6,,,,,,,,1.3,20000,-3.7,42
182,2019-04-04,6.9,13,19,2037,2035,270,280,,12.6,3.7,1723,619,1021.2,1025.6,1017.3,,,,,,,,3.3,20000,-.1,51
182,2019-04-05,8.8,13,20,454,1032,260,320,10,16,10.6,1429,3,1013.8,1017.3,1012,,,,,,,,4.4,3000,8.4,74
182,2019-04-06,5.7,11,19,1552,1503,280,290,10,18.2,7.9,1623,442,1012.7,1014.6,1009.9,,,,,,,,.8,,9.1,76
182,2019-04-07,6,20,30,1523,1521,270,270,10,19.6,11.2,1759,204,1010.2,1012.4,1005.9,3.5,3.5,1555,3,1.5,,,2.4,2500,11.1,76
182,2019-04-08,3.5,7,11,946,655,330,160,41,16.4,11.1,1851,656,1015.3,1018,1012.1,,,,,,,,3.2,2500,8.1,73
182,2019-04-09,22,42,52,1917,1912,80,90,61,17.6,12.4,1318,13,1009.8,1017.7,1001.5,3.5,1.5,1924,1.5,1,,,7.3,2000,9.2,70
182,2019-04-10,10.1,21,29,411,442,80,70,51,14,9,52,1855,1010.5,1016.1,1001.6,5,1.5,1,1.5,1.5,,,7.8,2000,8,87
182,2019-04-11,5.7,11,15,1219,1317,80,80,10,13.1,9.3,1323,1,1015.5,1017.5,1014.1,,,,,,,,7.4,2000,7,77
182,2019-04-12,4.6,8,12,428,421,340,340,,14.2,7.8,1223,610,1019.6,1021.6,1016.9,,,,,,,,2.3,10000,4.6,62
182,2019-04-13,4.6,9,13,1534,1538,50,60,,16.4,8.3,1604,303,1020.8,1022.2,1019.2,,,,,,,,3.6,16000,4.2,57
182,2019-04-14,5,14,22,1521,1516,320,330,10,16.4,8.5,1131,2350,1017.9,1020.5,1016.4,,,,,,,,5.5,2000,7.6,72
182,2019-04-15,4.5,8,13,1416,922,330,90,,15.3,6.2,1203,329,1020.9,1022.4,1019.9,,,,,,,,1.8,20000,-.1,47
182,2019-04-16,4.2,11,15,1437,1415,270,280,,21.7,8.6,1256,611,1017.1,1021.2,1014.2,,,,,,,,6,10000,6.8,60
182,2019-04-17,6,13,17,904,849,60,60,,16.8,11.7,1552,2314,1013.6,1015.7,1012.1,,,,,,,,4,9000,11.1,78
182,2019-04-18,5.2,11,14,1513,1442,60,90,,21.9,10.4,1454,412,1013.6,1014.9,1012.2,,,,,,,,.7,,11,75
182,2019-04-19,9.2,19,27,1438,1452,70,70,10,19.9,12.3,1600,538,1015.6,1017.4,1014,,,,,,,,1.3,4500,12.8,82
182,2019-04-20,6.7,15,19,1513,1512,70,70,10,19.7,14.1,1319,402,1014.9,1016.6,1012.7,,,,,,,,.9,,13,81
182,2019-04-21,4,9,13,949,1144,40,40,,21.2,13.1,1451,335,1013.6,1014.8,1012,,,,,,,,4.3,6000,12.6,76
182,2019-04-22,8.5,25,31,1513,1415,70,80,10,23.5,15,1641,401,1014.5,1015.4,1013.1,,,,,,,,4.9,6000,14.2,77
182,2019-04-23,9.8,31,41,1423,1412,90,90,63,25.2,16.9,1721,1,1009.4,1015.1,1004.6,12,6,1116,4.5,3,,,5.5,2500,15.3,79
182,2019-04-24,7.8,16,25,1201,1159,270,270,51,19.4,15,1308,2121,1007.5,1009,1006.2,0,0,,0,0,,,6.7,2000,15.8,91
182,2019-04-25,4.5,7,13,405,2333,310,280,46,16.4,13.7,1559,848,1008.5,1010.7,1006.9,,,,,,,,7.1,200,14.2,94
182,2019-04-26,9.5,14,21,229,205,320,330,50,15.1,11,1,1354,1014.3,1019.4,1010.2,0,0,,0,0,,,8,2000,7.9,78
182,2019-04-27,11,18,24,1602,1921,70,100,,15.8,11.3,1737,1,1020.8,1023.1,1018.5,,,,,,,,5.8,2000,7.8,70
182,2019-04-28,12.1,19,24,1623,442,70,100,,17.1,10.4,1101,46,1019,1022.3,1016.9,0,0,,0,0,,,7,4000,8.4,68
182,2019-04-29,13.3,21,27,839,1150,70,70,50,18.7,13.8,1212,1642,1011.1,1016.9,1007.4,9.5,4,2016,2.5,1,,,8,2500,14.7,95
182,2019-04-30,6.6,14,18,23,20,70,80,51,17,14,1255,2329,1009.2,1010.6,1007.8,1,.5,1,.5,.5,,,7.4,2000,14.1,94
182,2019-05-01,6.3,11,18,1348,1400,300,310,10,16.3,10.5,1016,2315,1009.7,1012.1,1008.4,,,,,,,,6.5,2000,10.7,84
