지점,일시,최대풍속 나타난시각(hhmi),최대순간풍속 나타난시각(hhmi),최고기온(°C),최저기온(°C),최고기온시각(hhmi),최저기온시각(hhmi),평균해면기압(hPa),최고해면기압(hPa),최저해면기압(hPa),강수량합(mm),1시간최다강수(mm),1시간최다강수 시각(hhmi),30분최다강수(mm),10분최다강수(mm),최심신적설(cm),최심적설(cm),평균이슬점온도(°C),평균상대습도(%)
110,2006-01-01,1200,1212,2.1,-5.1,1029,0,1025.2,1028.8,1022.4,0,,,,,,,-.9,92
110,2006-01-02,2117,1509,3.9,-5.8,1417,704,1022.5,1024.4,1020.4,0,,,,,,,-3.1,87
110,2006-01-03,1337,1315,1.4,-9.1,1446,716,1026,1027.9,1023.8,,,,,,,,-12.9,50
110,2006-01-04,1957,1953,-4.8,-8.9,1418,2357,1028.3,1030.3,1026.9,,,,,,,,-15.4,50
110,2006-01-05,1409,1402,-3.7,-13.3,1439,601,1029.4,1031.7,1027.9,,,,,,,,-16.9,53
110,2006-01-06,1543,1537,-3.3,-14.9,1435,720,1026.2,1029.4,1023.8,,,,,,,,-16.3,58
110,2006-01-07,1049,1047,-1.6,-13,1454,450,1028.1,1029.5,1026.8,,,,,,,,-16.3,51
110,2006-01-08,1539,1251,-.3,-14.2,1445,758,1028.8,1030.9,1027.3,,,,,,,,-13.5,65
110,2006-01-09,1919,1904,3.3,-12.1,1506,632,1024.9,1027.8,1022.7,.4,,,,,.7,.7,-8.4,76
110,2006-01-10,1432,1338,2.3,-7.9,1317,2345,1025.2,1028.4,1022.3,,,,,,,.7,-4.1,91
110,2006-01-11,1410,1405,2.4,-10.9,1436,635,1031.1,1033,1028.1,,,,,,,,-10.1,73
110,2006-01-12,2342,2357,5,-10,1401,637,1028.8,1033.2,1021.6,9,,,,,,,-7.5,70
110,2006-01-13,123,153,4.5,1.2,854,1923,1017.4,1021.7,1015.5,25,,,,,,,2.7,99
110,2006-01-14,23,121,7.3,-1,1459,2243,1018.6,1021,1016.9,,,,,,,,.8,90
110,2006-01-15,1627,1624,7.1,-3.2,1512,2344,1021.5,1023.2,1020.3,,,,,,,,-.4,91
110,2006-01-16,1400,1458,1.8,-3.7,1358,58,1023.5,1026.5,1021.9,,,,,,,,-2.1,93
110,2006-01-17,1219,1229,3.4,-4.5,1440,359,1028.2,1030.3,1025.6,,,,,,,,-5.1,75
110,2006-01-18,2123,1639,4.1,-4.3,1502,704,1028.2,1029.3,1027,,,,,,,,-5.1,75
110,2006-01-19,1500,1507,5.4,-6,1404,712,1028.5,1029.9,1026.6,,,,,,,,-4,79
110,2006-01-20,1523,1520,5.5,-4.6,1336,645,1025.7,1028.6,1022.5,,,,,,,,-3.4,80
110,2006-01-21,1400,1416,4.3,-5.9,1553,714,1021,1022.8,1019,,,,,,,,-7.5,64
110,2006-01-22,1239,1143,-.7,-7.3,1258,2359,1023.8,1027.4,1020.9,,,,,,,,-12.7,53
110,2006-01-23,2343,1244,-.4,-10.9,1506,551,1030.9,1033.8,1027.3,,,,,,,,-13.1,60
110,2006-01-24,1131,1123,1,-11.7,1544,710,1032.6,1034.7,1031.4,,,,,,,,-12.1,62
110,2006-01-25,1500,1243,2.5,-8.7,1435,624,1031.6,1033,1030.5,,,,,,,,-8.1,74
110,2006-01-26,1501,1447,3.4,-8,1403,708,1027.5,1030.9,1024.9,,,,,,,,-5.8,82
110,2006-01-27,1548,1450,5.3,-7.2,1417,453,1024.3,1026.7,1022.8,,,,,,,,-4.4,80
110,2006-01-28,1640,1635,5.6,-8.4,1346,437,1025.9,1028.3,1024,,,,,,,,-6,77
110,2006-01-29,1124,1351,8.8,-6.1,1352,316,1025.5,1026.9,1023.9,0,,,,,,,-2.4,80
110,2006-01-30,1053,1244,7.3,-1.3,1408,718,1028.8,1030.9,1026.6,,,,,,,,-1,77
110,2006-01-31,24,24,7.2,-.6,1354,447,1026.5,1029.5,1023.2,1,,,,,.1,.1,.5,87
110,2006-02-01,1538,1530,5.6,-5.1,1458,2338,1024.5,1028.1,1022.1,0,,,,,,,-5,69
110,2006-02-02,2304,1405,.8,-9.7,1259,2358,1029.6,1033.5,1027.9,,,,,,,,-10.8,58
110,2006-02-03,39,1047,-9.5,-14.6,0,716,1038.4,1040.8,1033.4,,,,,,,,-20.6,51
110,2006-02-04,1256,1255,-4.3,-15.3,1603,228,1038.9,1040.9,1036.7,,,,,,,,-18.9,51
110,2006-02-05,155,1414,-1.9,-13.9,1355,741,1035,1038.3,1029.9,,,,,,,,-15,56
110,2006-02-06,1507,1031,3.7,-6,1543,129,1023.4,1030,1016.9,,,,,,,,-12,48
110,2006-02-07,1910,1903,1.1,-5.4,1531,2339,1015.4,1023.7,1011,5,,,,,5.1,5.1,-4,86
110,2006-02-08,112,107,-4.2,-11.1,1553,2330,1031.2,1037.2,1023.7,0,,,,,,1.5,-13.8,62
110,2006-02-09,1908,1513,0,-14.1,1840,749,1033.2,1038.1,1025.7,.3,,,,,,,-10.1,73
110,2006-02-10,1459,1432,4,-1.4,1414,308,1019.9,1025.7,1017.5,,,,,,,,-3.7,71
110,2006-02-11,1431,1425,5,-5.6,1414,740,1020.1,1025,1017.9,,,,,,,,-7,69
110,2006-02-12,1538,1348,2.5,-7.7,1420,456,1028.6,1031.2,1025,,,,,,,,-11.2,56
110,2006-02-13,1452,1509,10.2,-6.1,1443,306,1020.9,1027.7,1013.9,0,,,,,,,-3.8,61
110,2006-02-14,1239,1233,7.2,2.8,1102,2249,1014.1,1019,1011.3,6.5,,,,,,,4.9,98
110,2006-02-15,1829,1531,6.1,-.2,1543,2247,1020.5,1021.6,1018.5,,,,,,,,1.5,94
110,2006-02-16,1521,1514,7,-5.8,1435,2349,1023.2,1029.6,1019.8,,,,,,,,-5.4,70
110,2006-02-17,1125,1124,-1.5,-8.7,1635,620,1032.6,1034.9,1029.5,,,,,,,,-14.8,49
110,2006-02-18,1333,1354,5.7,-7.1,1350,617,1029.3,1032.2,1026.8,,,,,,,,-6.4,69
110,2006-02-19,1717,1219,7.5,-4.2,1510,203,1027.3,1028.9,1025.6,,,,,,,,-2.5,78
110,2006-02-20,1516,1503,8.5,-4,1414,426,1025.1,1026.7,1023.4,,,,,,,,-1.5,84
110,2006-02-21,1609,1608,8.1,-5.1,1452,724,1023.4,1025.6,1021.1,,,,,,,,-1.4,86
110,2006-02-22,1410,1408,7,-5.2,1430,2358,1023.6,1027.9,1020.6,0,,,,,,,-3.2,72
110,2006-02-23,1619,1417,5.9,-7.1,1334,549,1030.1,1031.8,1027.5,,,,,,,,-9.3,57
110,2006-02-24,1725,1720,9.9,-5.1,1538,658,1031.2,1033.4,1028.8,,,,,,,,-6.8,58
110,2006-02-25,1458,1801,11.2,-4.4,1637,418,1025.3,1029.6,1020.9,,,,,,,,-3.7,64
110,2006-02-26,1052,1251,4.9,-4.7,350,2352,1025.2,1032.5,1020.4,0,,,,,,,-6.3,65
110,2006-02-27,1214,1205,3.2,-7,1617,716,1034.1,1036.6,1032.4,,,,,,,,-11.7,50
110,2006-02-28,938,1120,4.5,-2,1208,1,1028.5,1032.9,1023.3,0,,,,,,,-2.3,80
110,2006-03-01,1423,546,2.6,-3.3,1522,757,1020,1023.5,1017.3,1.5,,,,,.7,.7,-2.9,85
110,2006-03-02,1402,1348,2.6,-4.6,1548,2341,1018.3,1020.5,1016.8,0,,,,,,,-6.7,70
110,2006-03-03,1251,1248,4.5,-6.7,1451,639,1023,1025.1,1020.4,,,,,,,,-7.4,64
110,2006-03-04,1953,1949,10.1,-5.4,1549,422,1022.8,1025.7,1019.6,1.5,,,,,,,-4.4,64
110,2006-03-05,148,247,11.5,.8,1624,2357,1020.3,1022.4,1018.9,0,,,,,,,3.5,85
110,2006-03-06,1729,1502,11,-.9,1541,2352,1021.4,1023.4,1020,,,,,,,,-.9,78
110,2006-03-07,1322,1405,10.6,-3,1313,251,1020.8,1024,1018.6,,,,,,,,-2.7,70
110,2006-03-08,1100,1146,9.3,-1.7,1456,427,1025.7,1027.9,1023.9,,,,,,,,-2.4,71
110,2006-03-09,1048,1041,15.9,3.7,1352,557,1022,1025.8,1019.3,0,,,,,,,-.9,56
110,2006-03-10,1502,1510,14.3,4.7,1403,509,1017.5,1020.1,1015.1,0,,,,,,,5.3,78
110,2006-03-11,1554,2242,9.6,.2,1442,2359,1016.6,1020.8,1015.3,,,,,,,,.8,74
110,2006-03-12,1313,1533,.3,-7.3,0,2259,1022.7,1025.7,1020.7,,,,,,,,-14.7,45
110,2006-03-13,1342,1333,4,-9.3,1310,616,1021,1026,1017.3,0,,,,,,,-11.7,51
110,2006-03-14,1627,1344,5,-5,1453,611,1021.5,1023.5,1019.8,,,,,,,,-7.6,58
110,2006-03-15,1402,1305,10.9,-4,1458,704,1018.3,1022.4,1013.7,,,,,,,,-.2,74
110,2006-03-16,1400,1535,6.6,0,14,2257,1009.5,1014,1006.9,5.5,,,,,,,2.8,94
110,2006-03-17,1005,1311,14.8,-1.1,1602,128,1015.8,1019.2,1012.9,,,,,,,,3.1,80
110,2006-03-18,1539,1440,13.7,2.1,1302,2357,1010.5,1014.1,1007.9,,,,,,,,1.7,69
110,2006-03-19,947,942,9.6,-2,1509,701,1018.9,1021.5,1014,,,,,,,,-9.4,41
110,2006-03-20,1237,1348,8.4,-3.9,1230,536,1020.5,1022.4,1018.9,,,,,,,,-2.8,68
110,2006-03-21,1627,1620,15.5,-1.7,1610,701,1018.2,1020.2,1016.6,,,,,,,,-3.3,57
110,2006-03-22,1426,1424,17.2,1,1333,425,1012,1016.9,1008.4,0,,,,,,,1.1,63
110,2006-03-23,1628,1554,11.4,-.2,1440,2357,1013.9,1017.6,1009.7,,,,,,,,-5.3,51
110,2006-03-24,1542,1431,11.2,-4.1,1413,333,1017.6,1019.1,1016.3,,,,,,,,-7.1,48
110,2006-03-25,1330,1313,14.4,1.5,1440,11,1016.1,1018.2,1012.9,,,,,,,,-1.1,55
110,2006-03-26,1804,1839,11.7,-2.7,1501,613,1018.7,1021.4,1016.2,,,,,,,,-8.9,39
110,2006-03-27,1415,1325,12.1,-2.2,1312,623,1012.5,1016.7,1009.5,,,,,,,,-4.2,57
110,2006-03-28,410,407,5.8,-.1,1251,2344,1010.3,1015,1008.3,0,,,,,,,-5.2,59
110,2006-03-29,2135,2132,7.7,-3.7,1418,648,1012.6,1015.8,1007.6,0,,,,,,,-5.1,59
110,2006-03-30,1059,1507,10.3,-3.5,1513,548,1016.9,1020.7,1012.2,,,,,,,,-7.5,52
110,2006-03-31,1021,1023,13.5,-3.6,1619,243,1018.9,1021.3,1016.1,,,,,,,,-5.6,50
110,2006-04-01,1125,1733,12.6,1.9,908,226,1009.1,1016.9,1000.5,11,3,1430,1.5,1,,,5.2,79
110,2006-04-02,1219,1211,12.7,3.9,1601,2358,1004.2,1011.5,999.5,.5,.5,126,.5,.5,,,5.3,86
110,2006-04-03,1531,1825,18.4,1.9,1509,645,1013.7,1015.6,1011.5,,,,,,,,5.5,75
110,2006-04-04,1502,1633,15.4,7.5,1608,555,1010.1,1014.8,1006.5,1,.5,1046,.5,.5,,,7.2,79
110,2006-04-05,1459,1603,18.2,3.3,1444,2328,1012.3,1017.2,1008.8,,,,,,,,.8,57
110,2006-04-06,2119,2107,13.8,.9,1539,444,1016.6,1019.3,1014.1,,,,,,,,0,59
110,2006-04-07,1826,1819,13.2,6.4,1415,604,1012,1015.4,1008.8,,,,,,,,4.7,73
110,2006-04-08,935,559,13.8,5.7,1426,435,1017.3,1019.5,1013.5,0,0,,0,0,,,-1.1,50
110,2006-04-09,33,1403,22.6,7.5,1431,314,1016.3,1021,1013.2,0,0,,0,0,,,5.5,58
110,2006-04-10,518,550,21.1,11.7,1541,359,1009,1013.4,1006.2,8,2.5,323,2,1,,,10.8,72
110,2006-04-11,1545,1549,22.4,10.6,1455,2338,1005.6,1009.1,1003.5,,,,,,,,8.6,60
110,2006-04-12,1641,1638,21.3,7.2,1414,552,1009.7,1012.7,1007.2,,,,,,,,8,70
110,2006-04-13,1543,1535,13,6.6,1616,2350,1017.1,1023.1,1012.6,,,,,,,,3.4,65
110,2006-04-14,1653,1648,19.3,6.1,1553,646,1023,1025.7,1020.9,,,,,,,,1,55
110,2006-04-15,1638,1644,16.5,6.1,1617,139,1018,1022.3,1014.9,,,,,,,,-.4,51
110,2006-04-16,1123,1142,13,1.3,1519,613,1017.7,1018.9,1015.6,,,,,,,,-6.5,42
110,2006-04-17,1446,1608,14.8,3.2,1528,609,1015.7,1019.2,1013,,,,,,,,.2,53
110,2006-04-18,1217,944,18.1,9,1238,232,1014.6,1015.9,1012.3,0,0,,0,0,,,6.5,64
110,2006-04-19,2208,2204,17.3,3,132,2339,1006.9,1012.4,1004.2,13.5,10.5,210,10.5,5.5,,,7.5,88
110,2006-04-20,602,1245,10.5,3.7,1309,0,1006.8,1010.4,1005,0,0,,0,0,,,.9,64
110,2006-04-21,1548,1558,17.2,5,1430,521,1009.8,1011.6,1008.3,,,,,,,,1.1,54
110,2006-04-22,1638,1638,16.6,5.5,1359,309,1007.9,1010.2,1006.1,,,,,,,,3,62
110,2006-04-23,1257,1251,13.5,6.1,1217,228,1008.3,1012.2,1004.7,3,2.5,1249,2,1,,,6.4,85
110,2006-04-24,1549,1512,15.1,2.3,1201,437,1011.7,1014,1009.3,,,,,,,,2.7,64
110,2006-04-25,1536,1000,16.8,2.6,1310,513,1015.5,1017.4,1013.8,,,,,,,,-1.2,48
110,2006-04-26,1215,1211,17.6,4.5,1210,346,1014.1,1015.4,1012.5,0,0,,0,0,,,1.6,56
110,2006-04-27,1602,1256,19.3,6.1,1434,2357,1014.8,1016.2,1013.3,0,0,,0,0,,,7.1,74
110,2006-04-28,1712,1706,17.8,3.3,1257,554,1013,1015.9,1008.5,,,,,,,,4.7,70
110,2006-04-29,1601,1313,17.2,8.2,1200,124,1005.6,1008.6,1003.1,,,,,,,,7.1,70
110,2006-04-30,1206,956,19.1,11.3,1649,2308,1001.3,1004.9,998.7,.5,.5,414,.5,.5,,,11.4,79
110,2006-05-01,1154,1147,23,9.1,1442,511,1005.4,1007.2,1004.4,,,,,,,,7.5,64
110,2006-05-02,824,1015,24.2,8.8,1449,351,1012.7,1017.9,1007,,,,,,,,2.3,39
110,2006-05-03,221,216,20.9,10.3,1325,2344,1019,1020.8,1017.2,,,,,,,,4.4,49
110,2006-05-04,1819,1824,24.4,8.1,1435,428,1019.3,1021.1,1017.1,,,,,,,,9,67
110,2006-05-05,1310,1307,24.1,16.1,1520,213,1015.4,1018.4,1011.4,7.5,6,2251,3.5,2,,,15.9,75
110,2006-05-06,100,52,18.7,12.6,0,2357,1005.7,1011.4,1003.6,89.5,10.5,539,6.5,2.5,,,15.2,95
110,2006-05-07,137,133,27,11,1649,536,1011.8,1016.5,1007.5,,,,,,,,12.9,68
110,2006-05-08,420,501,26.8,15.6,1455,2350,1017.6,1019.3,1015.2,,,,,,,,13,63
110,2006-05-09,1608,1509,28,13.4,1440,440,1015.1,1018.1,1012.5,,,,,,,,13.7,70
110,2006-05-10,1334,1519,20.9,15.1,1531,648,1011.7,1014.8,1009.2,1,.5,700,.5,.5,,,15.4,87
110,2006-05-11,839,1410,23.8,11.1,1607,542,1020.5,1023.3,1014.7,,,,,,,,7.9,57
110,2006-05-12,1501,1608,18.7,13.4,1224,52,1021.9,1024.9,1018.5,0,0,,0,0,,,7.6,57
110,2006-05-13,1624,1519,18.9,11.1,1248,528,1015.2,1018.5,1012.8,,,,,,,,8.9,70
110,2006-05-14,1420,1419,21.5,9.8,1521,333,1015.4,1018.1,1014,,,,,,,,8.5,69
110,2006-05-15,1815,1815,25,8.2,1501,502,1018.7,1020.1,1017.3,,,,,,,,8.7,62
110,2006-05-16,1710,1431,24.1,10.5,1510,432,1020.6,1021.7,1019.6,,,,,,,,8.3,60
110,2006-05-17,1706,1702,24.9,9.5,1327,509,1019.3,1020.9,1017.6,,,,,,,,9.3,64
110,2006-05-18,1742,1734,24.8,12.5,1435,458,1014.5,1018.2,1010.2,,,,,,,,12,69
110,2006-05-19,1520,1519,20,12.7,1600,2315,1006.4,1010.4,1003.5,,,,,,,,12.4,76
110,2006-05-20,1455,1948,23.9,9.5,1403,417,1009.7,1014.3,1005.5,,,,,,,,12.6,80
110,2006-05-21,2359,2358,28.7,13.3,1516,49,1012,1014.9,1009.2,,,,,,,,13.6,63
110,2006-05-22,11,7,21.8,14.7,0,2058,1006.9,1009.6,1004.3,24.5,7,1539,4.5,3,,,16.9,96
110,2006-05-23,1600,1604,20.1,12.2,1628,623,1010.2,1012.3,1007.4,,,,,,,,13.7,92
110,2006-05-24,1043,1322,24,13.7,1620,245,1015.3,1017.9,1012.1,,,,,,,,14,80
110,2006-05-25,1150,1150,22.4,13.8,1308,142,1018,1020.1,1015.5,,,,,,,,10.9,63
110,2006-05-26,1624,1622,27.1,14.7,1457,525,1012.2,1017.1,1008.3,,,,,,,,12.7,63
110,2006-05-27,2028,2021,20.8,13.9,136,2342,1001.3,1008.4,997.6,38.5,10,1749,7,3,,,14.5,86
110,2006-05-28,915,955,22.9,13.6,1338,341,1002.1,1005,999.4,,,,,,,,12.7,75
110,2006-05-29,1344,1256,22.4,14.1,1654,346,1005.3,1007.8,1004.3,0,0,,0,0,,,14.5,81
110,2006-05-30,1604,1600,25.1,13.1,1537,533,1010.7,1014.3,1007.6,,,,,,,,13.5,71
110,2006-05-31,1343,1854,26.7,13.9,1537,539,1015.6,1017,1013.9,,,,,,,,12.4,64
110,2006-06-01,1842,1835,28,14.4,1633,554,1015.2,1017.3,1012.3,,,,,,,,14.6,70
110,2006-06-02,2251,2041,32.2,16.5,1530,449,1011.4,1013.4,1009.4,,,,,,,,17.2,67
110,2006-06-03,1508,1501,29.3,17.3,1339,2357,1012.4,1014.4,1010.7,,,,,,,,12.4,53
110,2006-06-04,1426,1421,25.8,16.3,1316,516,1010.7,1012.4,1009.2,,,,,,,,15.3,76
110,2006-06-05,1632,1158,25.1,14.6,1329,506,1008.8,1010.2,1006.7,,,,,,,,15.7,79
110,2006-06-06,1524,1534,26.4,15.7,1354,302,1007.7,1009.8,1006.3,,,,,,,,16.2,82
110,2006-06-07,1838,1513,26.2,15.3,1325,223,1007.5,1009,1005.5,,,,,,,,14.7,72
110,2006-06-08,1403,1443,24.2,17.1,1201,529,1000.8,1006.7,997.6,0,0,,0,0,,,16,77
110,2006-06-09,1548,1542,27,15.9,1506,558,996.9,998.6,995.2,.5,.5,1550,.5,.5,,,15.4,73
110,2006-06-10,1917,1914,22,16,906,1823,999.3,1002.1,996.7,31,8.5,1749,5,4.5,,,15.2,83
110,2006-06-11,1302,1311,19.4,14.3,1414,2333,1005.5,1011.8,1000.1,4,2.5,955,2.5,2,,,15.5,90
110,2006-06-12,1726,1719,28.4,12.8,1611,521,1013.8,1015.5,1011.8,,,,,,,,15.3,75
110,2006-06-13,1316,1309,28.4,17.1,1529,410,1014.4,1015.9,1012.7,,,,,,,,16.9,73
110,2006-06-14,1457,1448,22.9,17.3,913,1452,1004.7,1013.2,995.1,63,12.5,1657,7,3,,,17.1,89
110,2006-06-15,1612,1610,23.1,16.5,1401,513,1000.8,1006.7,994.8,2,1,100,1,.5,,,16.8,87
110,2006-06-16,1408,1530,27.6,14.7,1617,541,1007.5,1010.6,1006.3,0,0,,0,0,,,14.2,69
110,2006-06-17,606,603,25.9,15.8,1001,416,1008.3,1010.7,1006.3,,,,,,,,14.8,67
110,2006-06-18,1712,1457,26.5,16.4,1337,402,1009.9,1012.1,1008.4,,,,,,,,17.4,82
110,2006-06-19,1851,1550,28.1,15.7,1520,259,1013.4,1014.9,1011.9,,,,,,,,17.6,81
110,2006-06-20,1504,1049,26.2,18,1042,350,1013,1016.3,1011.4,,,,,,,,17.9,83
110,2006-06-21,1310,1303,21.2,18.9,1611,2335,1011.6,1013.9,1009.5,20.5,6.5,1108,4,3,,,19.4,97
110,2006-06-22,1648,1608,29.3,17.4,1546,418,1007.5,1010.1,1005.8,,,,,,,,19.3,86
110,2006-06-23,1617,1714,29,17.9,1314,402,1007.9,1009.8,1006.9,,,,,,,,19.7,84
110,2006-06-24,1504,1334,28.4,16.4,1324,540,1010.7,1012.1,1009.1,,,,,,,,19.4,83
110,2006-06-25,1157,1637,29.8,19.4,1254,531,1007.5,1010.3,1005.5,2,2,2235,1.5,1,,,19.4,75
110,2006-06-26,1400,1428,23.4,19.8,1110,2344,1005.7,1007.1,1005,9,2.5,0,1.5,.5,,,20.7,97
110,2006-06-27,237,222,25.7,19.6,1603,146,1006.6,1007.9,1005.3,0,0,,0,0,,,20.5,93
110,2006-06-28,1400,1452,27.5,20,1305,2353,1008.6,1009.7,1007.4,,,,,,,,21.3,90
110,2006-06-29,1939,1931,30.2,19.3,1528,124,1007.7,1010.6,1003.8,11.5,8,,8,7,,,22.1,88
110,2006-06-30,256,209,27.3,21.5,1408,609,1005.9,1007.6,1003.6,.5,.5,153,.5,.5,,,22.6,95
110,2006-07-01,559,557,26,21.1,1521,2335,1005,1007.1,1003,6,4.5,300,3.5,2.5,,,21.8,93
110,2006-07-02,1540,1510,27,19.9,1455,2357,1005.6,1007.4,1004.3,.5,.5,16,.5,.5,,,20.6,89
110,2006-07-03,1830,1825,29.1,18.4,1345,239,1005.9,1007.6,1004.2,,,,,,,,20.1,82
110,2006-07-04,1452,1328,25.7,21,1327,307,1000.9,1004.5,997.8,9.5,5,605,4.5,2.5,,,21.5,91
110,2006-07-05,40,39,25.1,19.6,1446,721,1000.4,1001.7,998.7,1.5,1.5,646,1,.5,,,18.7,81
110,2006-07-06,726,724,23.8,20.4,1141,528,1001.9,1003.6,1000.9,16,12,2030,10,6,,,18.8,84
110,2006-07-07,1726,1718,28.2,20.3,1428,445,1004.6,1007.5,1003.1,14,5,401,4.5,3,,,21.3,90
110,2006-07-08,1912,1926,30.7,20.3,1516,320,1007.5,1008.4,1006.1,,,,,,,,21.8,81
110,2006-07-09,1328,1414,30.2,22.9,1203,501,1008.3,1008.6,1007.7,2.5,2.5,1829,2.5,2,,,22.8,81
110,2006-07-10,1238,1236,27.4,22.6,930,2201,1001.8,1008.2,995.5,8,4.5,1324,4.5,2,,,22,86
110,2006-07-11,10,1554,29.5,21.8,1316,538,1006.7,1008.7,1000.8,0,0,,0,0,,,22,83
110,2006-07-12,1511,1236,26.2,23.4,1310,1955,1006.1,1008.4,1004.6,249,50.5,536,35.5,14.5,,,24.2,99
110,2006-07-13,409,405,27.1,23.4,1420,632,1008.4,1010.6,1005.9,15,8,311,5.5,5,,,24.9,99
110,2006-07-14,1237,1235,30.5,24.7,1425,16,1010.9,1012.4,1009.6,1,.5,405,.5,.5,,,25.5,90
110,2006-07-15,1105,1138,27.1,21.6,16,1736,1010.3,1011.8,1008.5,59,34,2225,26,12.5,,,24.3,96
110,2006-07-16,839,834,22.6,18.7,0,942,1009,1011.4,1007.6,222,25.5,149,18.5,11.5,,,19.5,100
110,2006-07-17,1100,1059,21.8,18.8,1644,508,1008.1,1009.1,1007.2,34.5,6.5,2201,4.5,2,,,19.7,98
110,2006-07-18,829,214,22,18.3,1648,540,1003.5,1007.3,1001.9,26.5,5.5,111,4,2,,,19.9,99
110,2006-07-19,1752,1758,25,19.5,1513,114,1004.6,1005.9,1003.6,.5,.5,150,.5,.5,,,20,88
110,2006-07-20,600,546,25.8,19.9,1245,2301,1003.1,1005.6,1001.4,3,1.5,2129,1,.5,,,19.3,83
110,2006-07-21,1805,1801,27.5,19.6,1556,305,1002.2,1003.5,1001.3,2,1,233,.5,.5,,,20.8,90
110,2006-07-22,528,1337,27.9,20.3,1351,2326,1002.3,1004.7,1001.2,9.5,7,6,6.5,5.5,,,21.5,87
110,2006-07-23,1545,1724,28.1,18.6,1443,450,1005,1006.9,1004.1,,,,,,,,20.3,86
110,2006-07-24,1332,1320,27.2,20.3,1148,510,1007.9,1010.9,1006.1,,,,,,,,20.1,84
110,2006-07-25,1435,1427,28.6,19.2,1258,534,1013,1015.4,1010.7,0,0,,0,0,,,20.7,83
110,2006-07-26,1022,1017,25.3,20.7,1346,555,1015.9,1016.9,1015,3.5,1.5,519,1,.5,,,21.3,91
110,2006-07-27,940,936,22.7,20.4,637,1457,1011.4,1015.9,1008.4,174,29,911,19.5,9.5,,,21.5,100
110,2006-07-28,1850,1847,25.2,20.9,1240,325,1010.1,1010.9,1008.9,81.5,35.5,1536,21,8.5,,,22.4,99
110,2006-07-29,1650,730,29,23.1,1524,0,1012.4,1014.1,1010.7,9.5,4,525,3.5,2.5,,,24.6,97
110,2006-07-30,1402,1446,30.7,24.7,1359,422,1013.4,1014.6,1012,0,0,,0,0,,,25.1,91
110,2006-07-31,1335,1112,30,25.1,1638,418,1011.6,1012.8,1010.2,,,,,,,,24.6,89
110,2006-08-01,1412,1732,31.7,24.7,1543,252,1010.7,1011.6,1009.7,,,,,,,,24.1,82
110,2006-08-02,1343,1258,32.5,23.4,1531,507,1013.6,1015.3,1011.6,,,,,,,,23.9,80
110,2006-08-03,1803,1755,33.8,22.4,1515,443,1016.7,1018.5,1015,,,,,,,,24.4,82
110,2006-08-04,1631,1747,35.1,23.4,1520,543,1015.5,1017.2,1013.5,,,,,,,,23.7,76
110,2006-08-05,1536,1527,34.4,23.1,1352,526,1012.9,1014.7,1010.6,0,0,,0,0,,,24.6,81
110,2006-08-06,1537,1522,32.6,23.9,1518,423,1011.3,1012.7,1009.7,,,,,,,,24.5,83
110,2006-08-07,1516,1607,32.8,23,1508,611,1010,1011,1008.7,,,,,,,,24.1,82
110,2006-08-08,1800,1904,34.8,22.9,1518,542,1009.7,1010.8,1008.3,,,,,,,,24.6,82
110,2006-08-09,1552,1552,34.9,24,1409,416,1009.5,1010.7,1008.1,,,,,,,,25.1,82
110,2006-08-10,1538,1530,34,23.2,1436,2350,1009.9,1010.6,1008.9,,,,,,,,22.9,78
110,2006-08-11,1701,1659,31.8,22.1,1608,129,1010.1,1011.1,1009.2,,,,,,,,23.2,85
110,2006-08-12,1557,1550,33.3,21.1,1438,355,1008.3,1009.5,1006.5,,,,,,,,23.5,82
110,2006-08-13,1823,1823,33.9,23.5,1426,431,1006.5,1007.9,1004.4,,,,,,,,25,84
110,2006-08-14,1717,1816,34.3,24.3,1342,525,1004.7,1005.8,1003.1,,,,,,,,25.4,83
110,2006-08-15,1349,1346,34.1,25,1221,610,1003.7,1004.6,1001.7,,,,,,,,25.7,84
110,2006-08-16,1254,1254,32,25.1,1055,455,1002.7,1004,1001.3,.5,.5,2315,.5,.5,,,25.7,87
110,2006-08-17,1654,1647,32.9,23.5,1433,607,1003.1,1005.2,1002.1,6.5,4,13,2.5,1,,,23.1,81
110,2006-08-18,1556,1553,33,21.9,1404,559,1005.2,1006.7,1003.9,,,,,,,,17.9,61
110,2006-08-19,1654,1701,31.4,22,1426,2219,1005.9,1006.7,1004.7,,,,,,,,15.5,56
110,2006-08-20,316,312,28.5,20.3,1540,510,1007.1,1009.8,1005.2,,,,,,,,18.5,70
110,2006-08-21,1752,1133,32.9,21.8,1606,433,1009.5,1010.4,1008.1,,,,,,,,21.5,74
110,2006-08-22,1544,1631,33,23,1450,419,1010.7,1011.9,1009.5,,,,,,,,23.3,80
110,2006-08-23,1549,1544,31.5,24,1220,626,1011.6,1012.8,1010.3,,,,,,,,22.9,79
110,2006-08-24,1558,1511,32.7,23.1,1339,2354,1013.3,1014.6,1012.3,,,,,,,,22.2,78
110,2006-08-25,1428,1434,30.7,22.9,1323,303,1014.5,1015.8,1013.1,5.5,5,1415,4.5,3,,,23.3,88
110,2006-08-26,1408,1630,32.6,23.4,1258,507,1011.6,1014.3,1008.3,10,5.5,1615,4,3.5,,,23.5,84
110,2006-08-27,206,209,26.9,23.7,206,848,1007.3,1008.8,1005.9,14.5,4,426,3.5,3.5,,,23.7,92
110,2006-08-28,1712,1711,29.6,22.2,1537,629,1009.3,1010.8,1008.1,,,,,,,,22.4,84
110,2006-08-29,1337,1532,26.7,20.7,1115,433,1010.4,1011.1,1008.9,3,1.5,1726,1,.5,,,22.8,95
110,2006-08-30,1205,1156,30.9,21.6,1320,617,1009.2,1011,1007,,,,,,,,19.6,69
110,2006-08-31,2010,2019,31.6,22.8,1453,606,1006.8,1008.1,1005.2,,,,,,,,17.7,60
110,2006-09-01,957,952,29.9,16.9,1544,609,1007.8,1008.8,1006.6,,,,,,,,16.3,67
110,2006-09-02,1655,1649,30.6,18.9,1445,629,1009.2,1010.3,1007.9,,,,,,,,18.8,72
110,2006-09-03,1544,1535,30.7,19.6,1331,535,1009.4,1011.3,1007.7,,,,,,,,20,76
110,2006-09-04,1429,1420,25.7,15.5,914,2358,1008.2,1010.2,1006.9,0,0,,0,0,,,18,85
110,2006-09-05,2124,2253,27.2,13.6,1451,604,1008.7,1010.6,1006.7,0,0,,0,0,,,14.2,68
110,2006-09-06,130,109,25.6,16.1,1607,517,1009,1011.7,1007.6,1,1,42,.5,.5,,,15.3,76
110,2006-09-07,1442,1438,28.4,13.6,1438,541,1014,1015.8,1011.7,,,,,,,,15,73
110,2006-09-08,2336,1152,26.4,17.3,1309,19,1015.1,1016.5,1013.5,0,0,,0,0,,,15.6,69
110,2006-09-09,1708,1701,21.1,11.9,1643,2357,1014.8,1019.4,1012.6,7,1.5,2,1,.5,,,15.1,89
110,2006-09-10,1351,1336,20.8,10.7,1421,214,1020.1,1021.5,1018.4,,,,,,,,7.8,63
110,2006-09-11,1200,1221,22.5,9.2,1449,546,1021.7,1023,1020.8,,,,,,,,11.3,75
110,2006-09-12,1543,1404,26.4,12.3,1537,601,1023.2,1024.5,1022,,,,,,,,12.9,69
110,2006-09-13,1614,1450,27.9,13.5,1523,605,1022.1,1024.2,1019.8,,,,,,,,13.5,70
110,2006-09-14,1629,1622,28.2,13.3,1530,546,1020.2,1022,1018,,,,,,,,11.8,61
110,2006-09-15,158,1358,26.1,17,1354,652,1017.7,1019.5,1015.5,,,,,,,,13.1,59
110,2006-09-16,1100,1208,25.8,16.3,1333,451,1014.8,1016.2,1013.3,,,,,,,,16.4,77
110,2006-09-17,1600,1547,23.7,15.6,1227,601,1010.2,1015,1005.6,.5,.5,2142,.5,.5,,,13.3,69
110,2006-09-18,1451,1448,21,13.4,1528,2339,1009.6,1013.3,1006.2,.5,.5,1646,.5,.5,,,13.8,76
110,2006-09-19,1507,1501,27.2,11.2,1424,546,1014.4,1015.8,1013.2,,,,,,,,16.2,85
110,2006-09-20,1558,1716,27.6,16.6,1409,621,1016.3,1017.5,1015.2,,,,,,,,16.5,74
110,2006-09-21,1624,1601,29.6,16.4,1337,611,1017.9,1019.4,1016.7,,,,,,,,15.5,68
110,2006-09-22,1711,1048,29,15.1,1456,443,1020.5,1022.2,1019.2,,,,,,,,16.8,76
110,2006-09-23,958,1213,27.5,14.2,1519,543,1020.8,1022.9,1018.5,,,,,,,,12.2,64
110,2006-09-24,1831,1826,27.2,11.9,1515,621,1019.2,1020.6,1017.5,,,,,,,,11.4,65
110,2006-09-25,1536,1525,27.4,12.5,1356,528,1018,1019.8,1016.4,,,,,,,,13.6,73
110,2006-09-26,1600,1534,27.1,12.7,1452,501,1016.4,1018,1015.1,,,,,,,,14.3,73
110,2006-09-27,1707,1644,28.2,15.9,1509,43,1016.2,1017.6,1014.4,,,,,,,,14.5,70
110,2006-09-28,1608,1638,24.5,16,1325,342,1017,1017.9,1015.9,,,,,,,,16.9,82
110,2006-09-29,1846,1540,26.2,14.4,1538,2355,1018.1,1019.8,1017,,,,,,,,15,77
110,2006-09-30,1404,1217,26.5,12.3,1401,603,1020,1021.8,1018.4,,,,,,,,13,72
110,2006-10-01,957,949,26.6,15.2,1353,2344,1018.2,1020,1016.3,,,,,,,,13.8,69
110,2006-10-02,1705,1658,27,11.9,1444,607,1016.8,1018.2,1014.8,,,,,,,,13.7,76
110,2006-10-03,1501,1458,27.1,11.6,1328,628,1016.2,1017.7,1014.3,,,,,,,,14.3,79
110,2006-10-04,1658,1505,27.9,13.3,1454,527,1013.9,1015.5,1011.9,,,,,,,,14.9,78
110,2006-10-05,1614,1607,28.9,12.7,1502,625,1014.1,1015.5,1011.8,,,,,,,,12.6,68
110,2006-10-06,923,916,27.5,11.6,1524,453,1013.4,1015.3,1011.3,,,,,,,,10.2,61
110,2006-10-07,1526,1415,26.7,11.4,1341,458,1012.6,1013.8,1011.3,,,,,,,,13.5,76
110,2006-10-08,1101,1508,24.9,11.6,1519,610,1015.2,1016.9,1013.6,,,,,,,,15.7,87
110,2006-10-09,1445,1439,24.3,15.3,1423,143,1017.2,1018.9,1015.9,,,,,,,,17.8,89
110,2006-10-10,1433,1524,25.9,15.9,1323,632,1018.6,1020.2,1017.2,,,,,,,,16.9,81
110,2006-10-11,1503,1457,24.9,9.9,1412,2337,1018.1,1021.2,1016.7,0,0,,0,0,,,13.4,76
110,2006-10-12,1528,1415,23.1,5.9,1409,551,1022.7,1024.3,1021.1,,,,,,,,6,64
110,2006-10-13,1159,1150,24.8,8.6,1537,701,1022.6,1024.9,1020.6,,,,,,,,8.4,68
110,2006-10-14,1529,1522,24.7,8.9,1329,538,1020,1021.1,1018.5,,,,,,,,11.8,78
110,2006-10-15,1629,1549,24.5,12,1439,516,1020.2,1021.8,1018.7,,,,,,,,15,87
110,2006-10-16,1500,1504,26.3,12.9,1347,156,1020,1021.9,1018.6,,,,,,,,15,85
110,2006-10-17,345,1428,22.6,14.8,1504,539,1021.2,1022.4,1019.7,,,,,,,,16.6,88
110,2006-10-18,1427,224,23.6,14.2,1442,648,1022,1023.8,1020.4,11,10,153,8.5,4,,,16.7,89
110,2006-10-19,1431,1432,22.8,14,1521,402,1021.1,1022.2,1019.4,,,,,,,,16.6,89
110,2006-10-20,1647,1206,24.3,12.3,1516,2315,1022.9,1024.8,1020.9,,,,,,,,15.3,85
110,2006-10-21,1056,1056,24.5,10,1520,652,1023.8,1025.8,1021.8,,,,,,,,12.2,80
110,2006-10-22,1419,1725,20.3,12.7,1106,59,1015.2,1021.8,1009.5,17,10.5,2110,9,5.5,,,14.8,89
110,2006-10-23,1513,1508,15.8,8.7,0,2358,1018,1025.1,1009.4,2.5,2,204,2,2,,,7.3,74
110,2006-10-24,1957,1933,19.3,5.7,1517,516,1026.8,1028.5,1025.1,,,,,,,,5.3,64
110,2006-10-25,922,1604,17.5,5.9,1526,501,1025.8,1027.4,1024.2,,,,,,,,6.9,71
110,2006-10-26,2253,2250,18.6,9.8,1148,128,1024.4,1025.6,1023.4,,,,,,,,9.9,78
110,2006-10-27,1719,1716,18.4,6,1506,710,1024.4,1026.2,1023.4,,,,,,,,8.4,79
110,2006-10-28,1355,1439,20.2,5.6,1230,430,1020.7,1023.6,1018.2,,,,,,,,10.3,83
110,2006-10-29,1457,1454,20.3,6.4,1520,2246,1021,1023.2,1019.1,,,,,,,,6.7,72
110,2006-10-30,1645,1643,19.9,3,1511,620,1023.3,1025.1,1021.8,,,,,,,,4.8,70
110,2006-10-31,1234,1226,20.5,6,1219,454,1020.9,1023.1,1018.9,,,,,,,,9.6,80
110,2006-11-01,46,1018,19.7,10.4,1443,431,1019,1021,1017.4,,,,,,,,11.7,83
110,2006-11-02,1518,1518,18.5,7.4,1334,401,1017.5,1018.8,1016.5,,,,,,,,8.1,76
110,2006-11-03,2205,2205,20.7,5.5,1444,347,1017.4,1018.6,1016.1,3,,,,,,,10.4,83
110,2006-11-04,1407,1452,20.1,9.7,1504,431,1014.7,1017.5,1011.9,0,,,,,,,11.5,78
110,2006-11-05,1252,2355,18.8,5.2,337,2111,1012.6,1017,1008.1,7,,,,,,,6.2,66
110,2006-11-06,2253,0,9.1,-.3,534,2358,1013.9,1017.5,1011.5,12,,,,,,,2.1,83
110,2006-11-07,13,8,8.3,-3.2,1516,647,1021,1023.4,1017.4,,,,,,,,-2.5,68
110,2006-11-08,1608,2126,17.9,5.9,2317,0,1017.1,1020.6,1014.1,,,,,,,,9.3,75
110,2006-11-09,4,0,17.8,4.5,0,2350,1019.3,1024.8,1014.6,,,,,,,,3,54
110,2006-11-10,2312,2304,12.3,1.9,1427,617,1023.7,1026.7,1020.8,,,,,,,,-6.3,42
110,2006-11-11,3,333,9.4,-1.2,1521,711,1020.7,1022.1,1019.5,,,,,,,,-5.4,53
110,2006-11-12,1448,1448,11.1,-4.1,1442,712,1021.9,1024.2,1020,,,,,,,,-4.6,59
110,2006-11-13,1200,1344,15.5,2.2,1320,7,1016,1020,1012.9,2.5,,,,,,,6.6,83
110,2006-11-14,1616,1557,9.4,1.2,1529,730,1019.3,1020.7,1015.8,0,,,,,,,-4.1,54
110,2006-11-15,1509,1457,11.7,-.5,1341,2352,1019.1,1024.2,1016.7,3.5,,,,,,,.5,73
110,2006-11-16,1100,1110,7,-3.9,1434,658,1025.9,1027.7,1023.8,,,,,,,,-6.3,59
110,2006-11-17,1501,1453,10.1,-3.1,1424,507,1028.1,1029.4,1026.9,,,,,,,,-2.1,72
110,2006-11-18,1945,1118,13.4,-1.7,1437,525,1025.8,1028.7,1023.6,,,,,,,,0,75
110,2006-11-19,2200,2231,14,-.8,1456,654,1021.8,1024.3,1019.6,,,,,,,,2,77
110,2006-11-20,1512,1510,13.6,-.3,1431,735,1020.5,1021.7,1019.4,,,,,,,,1.7,75
110,2006-11-21,2341,2357,12.1,1.2,1513,126,1020.1,1022.8,1018.2,0,,,,,,,5.1,85
110,2006-11-22,24,24,8.7,-.2,1318,740,1026.1,1027.9,1022.7,,,,,,,,-2.9,64
110,2006-11-23,1100,1136,12,-1.4,1502,350,1027.1,1030.5,1025.4,,,,,,,,-.7,65
110,2006-11-24,1030,1000,11,4,1355,708,1031.7,1033.1,1029.8,,,,,,,,-1.7,54
110,2006-11-25,1307,1300,14.2,-1.2,1512,725,1026.4,1031.6,1021.8,,,,,,,,.2,68
110,2006-11-26,1529,1523,13.5,4.4,1446,352,1017.2,1021.8,1014,,,,,,,,3.2,69
110,2006-11-27,2001,1954,9.5,6,312,2319,1014.8,1018.7,1012.8,12,,,,,,,6.4,90
110,2006-11-28,1841,1419,8.1,1,1545,2320,1018.7,1024.1,1016.1,.5,,,,,,,1.7,77
110,2006-11-29,1125,1121,4.9,-2.2,1358,604,1025.8,1028.1,1023.8,,,,,,,,-5.7,64
110,2006-11-30,1537,1521,3.4,-3.5,1401,703,1024.3,1026.7,1022.8,1.5,,,,,.1,.1,-.2,94
110,2006-12-01,2223,2220,6.1,-3,1446,258,1020.1,1023.1,1016.5,0,,,,,,,-.6,87
110,2006-12-02,1449,1013,1.6,-7.9,9,2331,1025.4,1029.5,1017.6,,,,,,,,-9.2,63
110,2006-12-03,1405,1350,-.5,-10.2,1515,708,1031.6,1033,1029.5,,,,,,,,-13.1,56
110,2006-12-04,1001,1408,2.3,-9.3,1501,739,1033.2,1035.6,1031.5,,,,,,,,-9.7,64
110,2006-12-05,8,1100,7.1,-4,1454,2354,1031.2,1032.5,1030,0,,,,,,,-3.3,71
110,2006-12-06,1016,1012,8,-5.3,1452,451,1031.4,1034,1028.7,,,,,,,,-1.4,82
110,2006-12-07,721,716,7.3,1,1510,2154,1026.6,1028.8,1024.8,1.5,,,,,,,.6,79
110,2006-12-08,1918,1914,9.5,.4,1438,654,1026.1,1027.6,1024.5,3.5,,,,,,,.3,71
110,2006-12-09,1551,1545,5.9,-3.7,1255,2356,1025.1,1028.3,1023.5,3.5,,,,,,,-.5,83
110,2006-12-10,1543,1556,3.1,-7.4,1514,627,1029.3,1030.7,1027.8,,,,,,,,-9.1,62
110,2006-12-11,1626,1519,6,-6,1345,141,1028.1,1030.5,1026.1,,,,,,,,-4.6,74
110,2006-12-12,1432,1424,9.9,-1.4,1410,33,1025.8,1026.9,1024,,,,,,,,-.1,79
110,2006-12-13,1452,1444,10,-.4,1259,2400,1023.8,1025.8,1022.2,,,,,,,,-.2,78
110,2006-12-14,1,1412,5.7,-4.6,1239,316,1022.5,1024.4,1020.5,0,,,,,,,-4.5,72
110,2006-12-15,1403,1107,7.3,-4.1,1242,238,1022.3,1023.2,1020.9,.5,,,,,,,-.1,91
110,2006-12-16,2120,2112,5.4,-1.8,1421,1955,1021.3,1022.8,1019,7,,,,,6.5,6.5,-2.1,82
110,2006-12-17,1344,1640,.4,-11.5,1318,2353,1022.3,1031.1,1016.1,5.1,,,,,7,13.5,-3.4,92
110,2006-12-18,1244,1237,.2,-14.8,1444,626,1034.4,1036.7,1031.1,,,,,,,6,-10.3,83
110,2006-12-19,1132,1127,4.6,-11.3,2326,110,1036.1,1037.6,1034.9,0,,,,,,4.8,-5.9,76
110,2006-12-20,21,1040,7.9,-2.2,1304,2147,1033.3,1035.6,1031.1,,,,,,,1.5,-1.4,78
110,2006-12-21,526,522,7,-4.3,1452,701,1029.2,1031.4,1027.3,,,,,,,,-2,84
110,2006-12-22,101,1657,7,-2.2,1449,357,1026.5,1027.7,1025.2,0,,,,,,,-.3,87
110,2006-12-23,1301,1226,6.7,-6.3,1459,748,1026.8,1027.9,1025.5,,,,,,,,-2.8,82
110,2006-12-24,113,1217,6.8,-5.6,1440,733,1027.4,1029.2,1026,,,,,,,,-3.8,81
110,2006-12-25,1410,1317,12.5,-5.1,1522,556,1026.2,1028.4,1024.3,,,,,,,,-.9,85
110,2006-12-26,1601,1409,12.7,-3.4,1419,702,1021.1,1025,1017.6,,,,,,,,1.3,86
110,2006-12-27,2159,2151,3.5,-5,1407,2308,1018.4,1021.9,1016.8,,,,,,,,-3.3,79
110,2006-12-28,1847,1920,-4.8,-12.3,0,2400,1026.6,1031.3,1021.7,,,,,,,,-17.1,49
110,2006-12-29,1439,1431,-3.7,-14.7,1432,739,1033.8,1035.5,1030.9,,,,,,,,-17.4,55
110,2006-12-30,1342,1336,.1,-12.7,1440,621,1035,1036.6,1033.8,,,,,,,,-12.2,65
110,2006-12-31,102,1351,5.3,-8.3,1553,630,1033.8,1036,1031.8,,,,,,,,-9.7,57
